[
  {
    "name": "Map",
    "settings": [
      {
        "type": "toggle",
        "name": "Enabled",
        "value": false,
        "hidden": false
      },
      {
        "type": "slider",
        "name": "X",
        "value": "724",
        "min": 0,
        "max": 854,
        "round": 0,
        "hidden": false
      },
      {
        "type": "slider",
        "name": "Y",
        "value": "9",
        "min": 0,
        "max": 480,
        "round": 0,
        "hidden": false
      },
      {
        "type": "slider",
        "name": "Scale",
        "value": "93",
        "min": 0,
        "max": 500,
        "round": 0,
        "hidden": false
      },
      {
        "type": "toggle",
        "name": "Cache Map Data",
        "value": true,
        "hidden": false
      },
      {
        "type": "toggle",
        "name": "Draw Background",
        "value": true,
        "hidden": false
      }
    ]
  },
  {
    "name": "Blaze Solver",
    "settings": [
      {
        "type": "toggle",
        "name": "Enabled",
        "value": true,
        "hidden": false
      }
    ]
  },
  {
    "name": "Party Kicker",
    "settings": [
      {
        "type": "toggle",
        "name": "Enabled",
        "value": false,
        "hidden": false
      },
      {
        "type": "slider",
        "name": "Minimum Level",
        "value": 0,
        "min": 0,
        "max": 50,
        "round": 0,
        "hidden": false
      }
    ]
  },
  {
    "name": "Riddle Solver",
    "settings": [
      {
        "type": "toggle",
        "name": "Enabled",
        "value": true,
        "hidden": false
      }
    ]
  },
  {
    "name": "Health Notify",
    "settings": [
      {
        "type": "toggle",
        "name": "Enabled",
        "value": false,
        "hidden": false
      }
    ]
  },
  {
    "name": "Announcer",
    "settings": [
      {
        "type": "string_selector",
        "name": "Chat",
        "value": 0,
        "options": [
          "Party",
          "Guild",
          "All",
          "Current"
        ],
        "hidden": false
      },
      {
        "type": "toggle",
        "name": "Abilities",
        "value": false,
        "hidden": false
      }
    ]
  }
]